-- ============================================================
-- 04_init_data.sql — 初始数据
-- 学生社团管理系统 SCMS
-- 内容：6个学院 + 各学院专业 + 7个管理员账号 + 8个预制社团
-- 执行前需先执行 01/02/03 脚本
-- 说明：所有管理员初始密码均为 admin123
--       SHA256(admin123) = 240be518fabd2724ddb6f04eeb1da5967448d7e831c08c8fa822809f74c720a9
-- ============================================================

USE scms_db;

-- 关闭外键检查，便于批量插入（结束后恢复）
SET FOREIGN_KEY_CHECKS = 0;

-- ------------------------------------------------------------
-- 1. 学院数据（6个）
-- ------------------------------------------------------------
INSERT INTO colleges (college_id, college_name, college_code, description, status) VALUES
(1, '信息科学与技术学院', 'CS',  '涵盖计算机、软件、大数据、人工智能等专业', 1),
(2, '文学院',            'LIT', '涵盖汉语言文学、新闻、广告等专业',        1),
(3, '理学院',            'SCI', '涵盖数学、物理、化学等基础学科',          1),
(4, '工学院',            'ENG', '涵盖土木、机械、电气等工程专业',          1),
(5, '经济与管理学院',     'BIZ', '涵盖经济学、工商管理、会计等专业',        1),
(6, '医学院',            'MED', '涵盖临床医学、护理、药学等专业',          1);

-- ------------------------------------------------------------
-- 2. 专业数据（各学院预设）
-- ------------------------------------------------------------
-- 信息科学与技术学院
INSERT INTO majors (college_id, major_name, major_code, status) VALUES
(1, '计算机科学与技术',       'CS-01',  1),
(1, '软件工程',             'CS-02',  1),
(1, '数据科学与大数据技术',   'CS-03',  1),
(1, '人工智能',             'CS-04',  1),
-- 文学院
(2, '汉语言文学',           'LIT-01', 1),
(2, '新闻学',              'LIT-02', 1),
(2, '广告学',              'LIT-03', 1),
-- 理学院
(3, '数学与应用数学',        'SCI-01', 1),
(3, '物理学',              'SCI-02', 1),
(3, '化学',                'SCI-03', 1),
-- 工学院
(4, '土木工程',            'ENG-01', 1),
(4, '机械工程',            'ENG-02', 1),
(4, '电气工程',            'ENG-03', 1),
-- 经济与管理学院
(5, '经济学',              'BIZ-01', 1),
(5, '工商管理',            'BIZ-02', 1),
(5, '会计学',              'BIZ-03', 1),
-- 医学院
(6, '临床医学',            'MED-01', 1),
(6, '护理学',              'MED-02', 1),
(6, '药学',                'MED-03', 1);

-- ------------------------------------------------------------
-- 3. 班级数据（每个专业预设2个班：2023级、2024级）
--    major_id 顺序与上面 INSERT 顺序一致（1..19）
-- ------------------------------------------------------------
-- 计算机科学与技术 (major_id=1, college_id=1)
INSERT INTO classes (major_id, college_id, class_name, grade, status) VALUES
(1, 1, '计科2301班', '2023', 1),
(1, 1, '计科2401班', '2024', 1),
(2, 1, '软工2301班', '2023', 1),
(2, 1, '软工2401班', '2024', 1),
(3, 1, '大数据2301班', '2023', 1),
(3, 1, '大数据2401班', '2024', 1),
(4, 1, '人工智能2301班', '2023', 1),
(4, 1, '人工智能2401班', '2024', 1),
(5, 2, '汉语言2301班', '2023', 1),
(5, 2, '汉语言2401班', '2024', 1),
(6, 2, '新闻2301班', '2023', 1),
(7, 2, '广告2301班', '2023', 1),
(8, 3, '数学2301班', '2023', 1),
(9, 3, '物理2301班', '2023', 1),
(10, 3, '化学2301班', '2023', 1),
(11, 4, '土木2301班', '2023', 1),
(12, 4, '机械2301班', '2023', 1),
(13, 4, '电气2301班', '2023', 1),
(14, 5, '经济2301班', '2023', 1),
(15, 5, '工商2301班', '2023', 1),
(16, 5, '会计2301班', '2023', 1),
(17, 6, '临床2301班', '2023', 1),
(18, 6, '护理2301班', '2023', 1),
(19, 6, '药学2301班', '2023', 1);

-- ------------------------------------------------------------
-- 4. 管理员账号（7个）
--    密码均为 admin123 的 SHA256
-- ------------------------------------------------------------
SET @pwd = '240be518fabd2724ddb6f04eeb1da5967448d7e831c08c8fa822809f74c720a9';

INSERT INTO users (user_id, username, password, real_name, role, college_id, status) VALUES
(1, 'admin',     @pwd, '学校管理员',       'school_admin',  NULL, 1),
(2, 'cs_admin',  @pwd, '信科院管理员',     'college_admin', 1,    1),
(3, 'lit_admin', @pwd, '文学院管理员',     'college_admin', 2,    1),
(4, 'sci_admin', @pwd, '理学院管理员',     'college_admin', 3,    1),
(5, 'eng_admin', @pwd, '工学院管理员',     'college_admin', 4,    1),
(6, 'biz_admin', @pwd, '经管院管理员',     'college_admin', 5,    1),
(7, 'med_admin', @pwd, '医学院管理员',     'college_admin', 6,    1);

-- ------------------------------------------------------------
-- 5. 示例学生账号（用于测试，密码同为 admin123）
--    这些学生将作为预制社团的社长
-- ------------------------------------------------------------
INSERT INTO users (user_id, username, password, real_name, role, college_id, major_id, class_id, student_no, phone, status) VALUES
(101, 'stu_zhang', @pwd, '张三', 'club_member', 1, 1, 1, '2023010001', '13800000001', 1),
(102, 'stu_li',    @pwd, '李四', 'club_member', 1, 2, 3, '2023020001', '13800000002', 1),
(103, 'stu_wang',  @pwd, '王五', 'club_member', 2, 5, 9, '2023050001', '13800000003', 1),
(104, 'stu_zhao',  @pwd, '赵六', 'club_member', 3, 10, 15, '2023100001', '13800000004', 1),
(105, 'stu_qian',  @pwd, '钱七', 'club_member', 5, 14, 19, '2023140001', '13800000005', 1),
(106, 'stu_sun',   @pwd, '孙八', 'club_member', 1, 3, 5, '2023030001', '13800000006', 1),
(107, 'stu_zhou',  @pwd, '周九', 'club_member', 1, 4, 7, '2023040001', '13800000007', 1),
(108, 'stu_wu',    @pwd, '吴十', 'club_member', 4, 11, 16, '2023110001', '13800000008', 1);

-- ------------------------------------------------------------
-- 6. 预制社团（8个）
--    校级4个（college_id=NULL），院级4个
--    president_id 指向上面的示例学生
-- ------------------------------------------------------------
INSERT INTO clubs (club_id, club_name, description, category, level, college_id, president_id, vice_president_count, advisor, member_count, join_permission, status, created_by) VALUES
(1, 'ACM编程协会',  '面向全校的算法竞赛与编程交流社团，定期举办算法讲座和ACM训练赛。', '学术', 'school', NULL, 101, 2, '陈老师', 1, 'all', 'approved', 101),
(2, '志愿者协会',   '组织校内外公益志愿活动，传递爱心与正能量。',               '公益', 'school', NULL, 102, 2, '林老师', 1, 'all', 'approved', 102),
(3, '星空天文社',   '仰望星空，探索宇宙奥秘，组织观星活动与天文科普。',           '学术', 'school', NULL, 106, 1, '黄老师', 1, 'all', 'approved', 106),
(4, '绿茵足球社',   '热爱足球的同学的大家庭，日常训练与院际联赛。',               '体育', 'school', NULL, 108, 2, '刘老师', 1, 'all', 'approved', 108),
(5, '信科算法社',   '信息科学与技术学院内部算法学习社团。',                     '学术', 'college', 1, 107, 1, '李老师', 1, 'college_only', 'approved', 107),
(6, '文学创作社',   '文学院学生的创作交流平台，定期举办征文比赛。',               '文艺', 'college', 2, 103, 1, '王老师', 1, 'college_only', 'approved', 103),
(7, '化学实验社',   '理学院化学爱好者社团，开展趣味化学实验。',                   '学术', 'college', 3, 104, 1, '张老师', 1, 'college_only', 'approved', 104),
(8, '创业实践社',   '经济与管理学院创业实践平台，模拟创业项目。',                 '实践', 'college', 5, 105, 1, '孙老师', 1, 'college_only', 'approved', 105);

-- ------------------------------------------------------------
-- 7. 社长的成员记录（president 角色）
--    触发器会自动累加 member_count，故先将上面 clubs.member_count 归零再靠触发器累加
-- ------------------------------------------------------------
UPDATE clubs SET member_count = 0;

INSERT INTO members (club_id, user_id, role, join_status) VALUES
(1, 101, 'president', 'approved'),
(2, 102, 'president', 'approved'),
(3, 106, 'president', 'approved'),
(4, 108, 'president', 'approved'),
(5, 107, 'president', 'approved'),
(6, 103, 'president', 'approved'),
(7, 104, 'president', 'approved'),
(8, 105, 'president', 'approved');

-- 将社长的用户角色升级为 club_admin
UPDATE users SET role = 'club_admin' WHERE user_id IN (101, 102, 103, 104, 105, 106, 107, 108);

-- ------------------------------------------------------------
-- 8. 报销额度默认配置（院级社团由学院设定，这里给默认值）
-- ------------------------------------------------------------
INSERT INTO reimbursement_limits (club_id, single_limit, period_type, period_limit, current_period_used, period_start, set_by) VALUES
(5, 500.00,  'monthly', 2000.00, 0.00, CURDATE(), 2),
(6, 500.00,  'monthly', 2000.00, 0.00, CURDATE(), 3),
(7, 500.00,  'monthly', 2000.00, 0.00, CURDATE(), 4),
(8, 500.00,  'monthly', 2000.00, 0.00, CURDATE(), 6),
-- 校级社团额度由学校设定
(1, 1000.00, 'monthly', 5000.00, 0.00, CURDATE(), 1),
(2, 1000.00, 'monthly', 5000.00, 0.00, CURDATE(), 1),
(3, 1000.00, 'monthly', 5000.00, 0.00, CURDATE(), 1),
(4, 1000.00, 'monthly', 5000.00, 0.00, CURDATE(), 1);

-- ------------------------------------------------------------
-- 9. 系统配置
-- ------------------------------------------------------------
INSERT INTO system_config (config_key, config_value, description) VALUES
('current_semester',      '2025-2026-1',  '当前学期'),
('term_duration_days',    '365',          '社团任期时长（天）'),
('election_notice_days',  '30',           '任期到期前提醒天数'),
('auto_backup_hour',      '3',            '每日自动备份时刻（小时）'),
('signin_code_length',    '6',            '活动签到码位数'),
('student_no_length',     '10',           '学号位数'),
('id_card_length',        '18',           '身份证号位数'),
('phone_length',          '11',           '手机号位数');

-- ------------------------------------------------------------
-- 10. 示例公告
-- ------------------------------------------------------------
INSERT INTO announcements (title, content, scope, publisher_id) VALUES
('欢迎使用学生社团管理系统', '本系统用于全校社团的创建、管理、活动组织与财务管理，请各位同学积极参与社团活动。', 'school', 1);

-- 恢复外键检查
SET FOREIGN_KEY_CHECKS = 1;

-- ------------------------------------------------------------
-- 完成提示
-- ------------------------------------------------------------
SELECT '初始数据导入完成！' AS message;
SELECT CONCAT('学院数：', COUNT(*)) AS colleges_count FROM colleges;
SELECT CONCAT('专业数：', COUNT(*)) AS majors_count FROM majors;
SELECT CONCAT('班级数：', COUNT(*)) AS classes_count FROM classes;
SELECT CONCAT('用户数：', COUNT(*)) AS users_count FROM users;
SELECT CONCAT('社团数：', COUNT(*)) AS clubs_count FROM clubs;
