-- 补丁脚本:只导入之前失败的表
USE scms_db;
SET FOREIGN_KEY_CHECKS = 0;

-- 财务收支
INSERT INTO finance (club_id, type, amount, description, operator_id) VALUES
(1, 'income', 3000.00, '学校社团经费拨款（2026春季学期）', 101),
(1, 'expense', 450.00, 'ACM新生赛奖品采购（图书+证书）', 101),
(1, 'expense', 180.00, '训练赛零食补给', 202),
(1, 'income', 500.00, '会员会费（2026级新生）', NULL),
(2, 'income', 2000.00, '学校社团经费拨款', 102),
(2, 'expense', 320.00, '敬老院慰问物资采购（水果+牛奶）', 102),
(2, 'expense', 150.00, '环保活动工具采购', NULL),
(3, 'income', 1500.00, '学校社团经费拨款', 106),
(3, 'expense', 400.00, '观测之夜交通费（包车往返观测点）', 106),
(3, 'expense', 200.00, '望远镜配件购买', NULL),
(4, 'income', 2500.00, '学校社团经费拨款', 108),
(4, 'expense', 600.00, '足球采购（比赛用球x3）', 108),
(4, 'expense', 350.00, '队服印号费用', NULL),
(5, 'income', 1200.00, '学院社团经费拨款', 107),
(5, 'expense', 280.00, '算法书籍采购', NULL),
(6, 'income', 1000.00, '学院社团经费拨款', 103),
(6, 'expense', 150.00, '读书会茶歇费用', NULL),
(7, 'income', 1500.00, '学院社团经费拨款', 104),
(7, 'expense', 380.00, '实验耗材采购（试剂+模具）', NULL),
(8, 'income', 1200.00, '学院社团经费拨款', 105),
(8, 'expense', 220.00, '创业计划大赛宣传物料', NULL);

-- 报销申请
INSERT INTO reimbursement (club_id, applicant_id, amount, description, receipt_path, status, reviewer_id, review_comment, submitted_at, reviewed_at) VALUES
(5, 107, 280.00, '算法书籍采购报销', '/receipts/demo_receipt_01.jpg', 'approved', 2, '审核通过，金额合理', '2026-04-05 10:00:00', '2026-04-06 14:00:00'),
(6, 103, 150.00, '读书会茶歇购买报销', '/receipts/demo_receipt_02.jpg', 'approved', 3, '同意', '2026-06-06 09:00:00', '2026-06-07 11:00:00');

INSERT INTO reimbursement (club_id, applicant_id, amount, description, receipt_path, status, submitted_at) VALUES
(1, 101, 450.00, 'ACM新生赛奖品采购', '/receipts/demo_receipt_03.jpg', 'pending', '2026-07-15 10:00:00'),
(4, 108, 600.00, '训练用足球采购', '/receipts/demo_receipt_04.jpg', 'pending', '2026-07-16 14:00:00'),
(7, 104, 380.00, '趣味化学实验耗材采购', '/receipts/demo_receipt_05.jpg', 'pending', '2026-07-17 09:00:00'),
(8, 105, 220.00, '创业大赛宣传物料', '/receipts/demo_receipt_06.jpg', 'pending', '2026-07-17 10:00:00'),
(3, 106, 200.00, '望远镜配件采购', '/receipts/demo_receipt_07.jpg', 'pending', '2026-07-17 11:00:00');

INSERT INTO reimbursement (club_id, applicant_id, amount, description, receipt_path, status, reviewer_id, review_comment, submitted_at, reviewed_at) VALUES
(2, 206, 500.00, '志愿者马甲定制', '/receipts/demo_receipt_08.jpg', 'rejected', 3, '超出额度，请分批申请或缩减数量', '2026-05-10 09:30:00', '2026-05-10 09:30:00');

-- 换届选举
INSERT INTO elections (election_id, club_id, title, initiated_by, term_start, term_end, signup_start, signup_end, vote_start, vote_end, president_count, vice_president_count, status, created_at) VALUES
(1, 1, 'ACM编程协会2026年换届选举', 101, '2026-03-01', '2027-03-01', '2026-02-20 00:00:00', '2026-03-01 23:59:59', '2026-03-02 00:00:00', '2026-03-10 23:59:59', 1, 1, 'completed', '2026-02-15 10:00:00'),
(2, 1, 'ACM编程协会副社长补选', 101, '2026-07-15', '2027-07-15', '2026-07-15 00:00:00', '2026-07-30 23:59:59', '2026-08-01 00:00:00', '2026-08-05 23:59:59', 0, 1, 'signup', '2026-07-10 10:00:00'),
(3, 4, '绿茵足球社2026年换届选举', 108, '2026-07-10', '2027-07-10', '2026-07-01 00:00:00', '2026-07-10 23:59:59', '2026-07-11 00:00:00', '2026-07-25 23:59:59', 1, 0, 'voting', '2026-06-20 14:00:00'),
(4, 6, '文学创作社2026年换届选举', 103, '2026-03-05', '2027-03-05', '2026-02-20 00:00:00', '2026-03-05 23:59:59', '2026-03-06 00:00:00', '2026-03-15 23:59:59', 1, 1, 'completed', '2026-02-18 09:00:00');

INSERT INTO election_candidates (election_id, user_id, position, is_reelect, votes, created_at) VALUES
(1, 101, 'president', 1, 10, '2026-02-21 10:00:00'),
(1, 205, 'president', 0, 5, '2026-02-22 14:00:00'),
(1, 202, 'vice_president', 1, 12, '2026-02-21 11:00:00'),
(1, 208, 'vice_president', 0, 3, '2026-02-23 09:00:00'),
(2, 203, 'vice_president', 0, 0, '2026-07-16 10:00:00'),
(2, 211, 'vice_president', 0, 0, '2026-07-17 14:00:00'),
(2, 214, 'vice_president', 0, 0, '2026-07-18 09:00:00'),
(3, 108, 'president', 1, 5, '2026-07-02 10:00:00'),
(3, 204, 'president', 0, 3, '2026-07-03 14:00:00');

INSERT INTO vote_logs (election_id, user_id, voted_at) VALUES
(1, 201, '2026-03-03 10:00:00'),(1, 203, '2026-03-03 10:05:00'),(1, 208, '2026-03-03 10:10:00'),
(1, 211, '2026-03-03 10:15:00'),(1, 214, '2026-03-03 10:20:00'),(1, 216, '2026-03-03 10:25:00'),
(1, 219, '2026-03-03 10:30:00'),(1, 233, '2026-03-03 10:35:00'),(1, 235, '2026-03-03 10:40:00'),
(1, 239, '2026-03-03 10:45:00'),(1, 243, '2026-03-03 10:50:00'),(1, 255, '2026-03-03 10:55:00'),
(1, 202, '2026-03-03 11:00:00'),(1, 205, '2026-03-03 11:05:00'),
(3, 201, '2026-07-12 10:00:00'),(3, 204, '2026-07-12 10:05:00'),(3, 213, '2026-07-12 10:10:00'),
(3, 218, '2026-07-12 10:15:00'),(3, 229, '2026-07-12 10:20:00'),(3, 246, '2026-07-12 10:25:00'),
(3, 252, '2026-07-12 10:30:00'),(3, 269, '2026-07-12 10:35:00');

-- 通知消息
INSERT INTO notifications (user_id, title, content, type, is_read) VALUES
(101, '系统维护通知', '系统将于7月20日凌晨2:00进行例行维护，预计持续1小时，届时将暂停访问。', 'system', 0),
(102, '系统维护通知', '系统将于7月20日凌晨2:00进行例行维护，预计持续1小时，届时将暂停访问。', 'system', 0),
(201, '欢迎加入SCMS', '欢迎使用学生社团管理系统！在这里你可以浏览社团、报名活动、管理个人信息。', 'system', 1);

INSERT INTO notifications (user_id, title, content, type, related_id, is_read) VALUES
(101, 'ACM新生赛即将开始', 'ACM新生算法入门赛将于7月20日下午2点在信科院实验楼A301举行，请各位社员提前到场准备。', 'club', 1, 0),
(202, 'ACM新生赛即将开始', 'ACM新生算法入门赛将于7月20日下午2点在信科院实验楼A301举行，请各位社员提前到场准备。', 'club', 1, 0),
(203, 'ACM新生赛即将开始', 'ACM新生算法入门赛将于7月20日下午2点在信科院实验楼A301举行，请各位社员提前到场准备。', 'club', 1, 0),
(205, 'ACM新生赛即将开始', 'ACM新生算法入门赛将于7月20日下午2点在信科院实验楼A301举行，请各位社员提前到场准备。', 'club', 1, 0),
(208, 'ACM新生赛即将开始', 'ACM新生算法入门赛将于7月20日下午2点在信科院实验楼A301举行，请各位社员提前到场准备。', 'club', 1, 0),
(211, 'ACM新生赛即将开始', 'ACM新生算法入门赛将于7月20日下午2点在信科院实验楼A301举行，请各位社员提前到场准备。', 'club', 1, 0),
(214, 'ACM新生赛即将开始', 'ACM新生算法入门赛将于7月20日下午2点在信科院实验楼A301举行，请各位社员提前到场准备。', 'club', 1, 0),
(216, 'ACM新生赛即将开始', 'ACM新生算法入门赛将于7月20日下午2点在信科院实验楼A301举行，请各位社员提前到场准备。', 'club', 1, 0),
(219, 'ACM新生赛即将开始', 'ACM新生算法入门赛将于7月20日下午2点在信科院实验楼A301举行，请各位社员提前到场准备。', 'club', 1, 0),
(233, 'ACM新生赛即将开始', 'ACM新生算法入门赛将于7月20日下午2点在信科院实验楼A301举行，请各位社员提前到场准备。', 'club', 1, 0),
(235, 'ACM新生赛即将开始', 'ACM新生算法入门赛将于7月20日下午2点在信科院实验楼A301举行，请各位社员提前到场准备。', 'club', 1, 0),
(102, '环保志愿活动招募', '校园环保志愿活动将于7月25日上午8点举行，需要30名志愿者，欢迎大家积极报名！', 'club', 2, 0),
(206, '环保志愿活动招募', '校园环保志愿活动将于7月25日上午8点举行，需要30名志愿者，欢迎大家积极报名！', 'club', 2, 0),
(209, '环保志愿活动招募', '校园环保志愿活动将于7月25日上午8点举行，需要30名志愿者，欢迎大家积极报名！', 'club', 2, 0),
(108, '院际足球联赛开赛通知', '本学期院际足球联赛将于7月22日开幕，请全体队员做好准备。', 'club', 4, 0),
(204, '院际足球联赛开赛通知', '本赛季院际足球联赛将于7月22日开幕，请全体队员做好准备。', 'club', 4, 0),
(201, '报名成功：ACM新生算法入门赛', '你已成功报名"ACM新生算法入门赛"，请于7月20日14:00准时到信科院实验楼A301参加。', 'activity', 1, 1),
(203, '报名成功：ACM新生算法入门赛', '你已成功报名"ACM新生算法入门赛"，请于7月20日14:00准时到信科院实验楼A301参加。', 'activity', 1, 1),
(205, '报名成功：ACM新生算法入门赛', '你已成功报名"ACM新生算法入门赛"，请于7月20日14:00准时到信科院实验楼A301参加。', 'activity', 1, 0),
(208, '报名成功：ACM新生算法入门赛', '你已成功报名"ACM新生算法入门赛"，请于7月20日14:00准时到信科院实验楼A301参加。', 'activity', 1, 0),
(201, '签到成功：足球基础技术训练', '你已在"足球基础技术训练"活动中签到成功。', 'activity', 10, 1);

INSERT INTO notifications (user_id, title, content, type, is_read) VALUES
(277, '入社申请已提交', '你申请加入"ACM编程协会"的请求已提交，请等待社长审核。', 'system', 0),
(277, '注册成功', '恭喜你成功注册SCMS系统账号，请完善个人资料。', 'system', 1);

-- 公告
INSERT INTO announcements (title, content, scope, publisher_id) VALUES
('关于2026年秋季社团招新工作安排的通知', '各社团负责人请注意：2026年秋季社团招新工作将于9月1日正式启动，请各社团在8月20日前提交招新计划和展位申请。社团管理中心将统一协调安排招新时间和场地。', 'school', 1),
('2026年度优秀社团评选通知', '为了表彰在2025-2026学年中表现突出的学生社团，学校决定开展年度优秀社团评选活动。评选标准包括社团活动质量、成员发展、财务管理等多个维度。请各社团在8月30日前提交申报材料。', 'school', 1);

INSERT INTO announcements (title, content, scope, college_id, publisher_id) VALUES
('信科院社团活动场地使用新规定', '为进一步规范学院实验室使用，即日起信科院所属社团借用实验室场地需至少提前3天申请，并在活动后当天完成场地清理。违者将暂停场地使用权限。', 'college', 1, 2),
('文学院社团经费调整通知', '经学院研究决定，自2026年秋季学期起，文学院社团经费标准调整为：普通社团每学期1000元，重点社团每学期2000元。请各社团根据新标准调整预算。', 'college', 2, 3);

INSERT INTO announcements (title, content, scope, club_id, publisher_id) VALUES
('ACM编程协会新社员招募中', 'ACM编程协会欢迎所有对算法和编程感兴趣的同学加入！零基础也可，我们提供系统化的算法培训课程。报名方式：在社团广场搜索"ACM编程协会"并提交入社申请。', 'club', 1, 101),
('绿茵足球社暑期训练计划', '暑期足球训练将于7月至8月每周二、四下午4:00-6:00在北校区足球场进行，请各位社员安排好时间，积极参加。', 'club', 4, 108);

-- 操作日志
INSERT INTO logs (user_id, action, target_type, target_id, detail) VALUES
(101, 'login', 'system', NULL, '用户登录系统'),
(1, 'approve', 'clubs', 1, '通过ACM编程协会创建申请'),
(1, 'approve', 'clubs', 2, '通过志愿者协会创建申请'),
(2, 'approve', 'reimbursement', 1, '审批通过信科算法社书籍采购报销'),
(3, 'approve', 'reimbursement', 2, '审批通过文学创作社茶歇报销'),
(3, 'reject', 'reimbursement', 8, '驳回志愿者协会志愿者马甲定制报销'),
(101, 'create', 'activities', 1, '创建活动"ACM新生算法入门赛"'),
(108, 'create', 'activities', 9, '创建活动"院际足球联赛第一轮"'),
(106, 'create', 'elections', 2, '发起"ACM编程协会副社长补选"选举'),
(1, 'post', 'announcements', NULL, '发布学校公告"2026年秋季社团招新工作安排"');

-- 用户限制记录
INSERT INTO user_restrictions (user_id, restriction_type, reason, start_time, end_time, is_active, restricted_by) VALUES
(275, 'ban_join', '因上学期违规使用社团经费，禁止加入新社团', '2026-07-01 00:00:00', '2026-12-31 23:59:59', 1, 1),
(275, 'ban_activity', '处罚期间同时限制参加活动', '2026-07-01 00:00:00', '2026-12-31 23:59:59', 1, 1),
(276, 'ban_join', '恶意重复提交创建社团申请，限制创建社团权限30天', '2026-07-10 00:00:00', '2026-08-09 23:59:59', 1, 2);

SET FOREIGN_KEY_CHECKS = 1;
